TT,ID,As,Fe,Mn,pH,Hardness,Coliforms,EC,X,Y,YLat,XLong,X-WGS84,Y-WGS84,Iddist
503,NN_CJ1,1.013,0.019,0.001,6.1,110,90,260,428909.1094,1404489.307,12.6991,107.8472,1405938.182,157543.0237,CJ
41,NN_CJ10,0.918,0.1908,0.012,6.6,95,0.1,220,423703.9582,1401912.387,12.6757,107.7994,1403408.528,152307.598,CJ
243,NN_CJ100,1.67,0.036,0.002,8.3,17,0.1,410,425727.2163,1394479.819,12.6085,107.8182,1395948.623,154261.8797,CJ
251,NN_CJ102,1.22,0.0007,0.001,8.4,40,0.1,290,427227.3516,1395732.76,12.6199,107.8318,1397188.565,155763.6065,CJ
119,NN_CJ103,1.66,0.0094,0.01,6.9,106,150,460,425609.4002,1396747.922,12.629,107.817,1398220.27,154165.6089,CJ
210,NN_CJ104,1.961,0.0007,0.009,7.6,264,200,750,424846.4418,1396952.738,12.6309,107.81,1398432.601,153403.7936,CJ
237,NN_CJ105,1.86,0.106,0.004,8.3,88,70,500,424741.6254,1397257.232,12.6336,107.809,1398738.424,153298.8648,CJ
174,NN_CJ106,1.609,0.0131,0.01,7.9,150,40,410,424828.5901,1398191.165,12.6421,107.8098,1399672.526,153397.772,CJ
19,NN_CJ107,1.879,0.0007,0.006,7.3,157,40,500,425612.4742,1396769.424,12.6292,107.817,1398241.766,154168.8918,CJ
521,NN_CJ108,0.44,0.0205,0.003,5.9,5,2000,320,429051.3822,1404679.469,12.7008,107.8485,1406127.175,157687.2732,CJ
175,NN_CJ109,2.11,0.0334,0.099,7.4,225,20,620,420554.8252,1393584.177,12.6003,107.7706,1395101.378,149075.3363,CJ
142,NN_CJ11,1.766,0.0007,0.001,8.6,162,40,460,423613.4,1401897.266,12.6755,107.7985,1403394.259,152216.797,CJ
180,NN_CJ110,2.146,0.1405,0.023,7.2,175,0.1,620,420586.033,1393952.841,12.6036,107.7709,1395470.15,149110.0966,CJ
223,NN_CJ111,2.188,0.0486,0.011,7.2,178,23,760,420716.4769,1394192.166,12.6058,107.772,1395708.493,149242.9684,CJ
185,NN_CJ112,1.988,1.0293,0.299,6.7,199,40,930,420741.7915,1394613.086,12.6096,107.7722,1396129.634,149268.3108,CJ
130,NN_CJ113,1.718,0.1909,0.135,7.2,141,40,1070,420634.4505,1393998.8,12.6041,107.7713,1395515.698,149159.006,CJ
197,NN_CJ114,1.94,0.0272,0.002,7.3,169,0.1,510,426133.6121,1403368.657,12.6889,107.8217,1404843.026,154753.8354,CJ
123,NN_CJ115,1.887,0.0096,0.009,8.1,129,20,493,425907.6063,1403473.726,12.6898,107.8196,1404950.378,154527.5894,CJ
169,NN_CJ116,1.698,0.0084,0.007,7.8,83,0.1,421,426070.2139,1403353.458,12.6888,107.8211,1404828.42,154690.2238,CJ
136,NN_CJ117,1.737,0.0137,0.001,7.1,183,90,470,426230.1898,1403380.697,12.689,107.8226,1404854.151,154850.6313,CJ
285,NN_CJ118,2.081,0.0096,0.005,6.9,213,40,610,426393.2144,1403420.22,12.6894,107.8241,1404892.15,155014.2085,CJ
282,NN_CJ119,1.473,0.0048,0.001,6.5,119,0.1,360,431885.4939,1400170.747,12.6601,107.875,1401586.589,160512.2092,CJ
153,NN_CJ12,2.006,0.0007,0.005,7.9,190,40,560,425758.2942,1405096.614,12.7045,107.8182,1406576.428,154394.7287,CJ
293,NN_CJ120,1.774,0.1932,0.113,7.1,174,28,460,432637.9471,1400645.246,12.6644,107.8816,1402054.359,161238.7994,CJ
288,NN_CJ121,1.779,0.016,0.027,7.6,174,0.1,453,432813.1183,1400715.507,12.6651,107.8832,1402123.012,161414.8226,CJ
279,NN_CJ122,1.492,0.061,0.208,7.4,151,90,390,432698.2861,1400642.03,12.6644,107.8822,1402050.562,161299.169,CJ
89,NN_CJ123,0.503,0.0052,0.075,6.1,39,0.1,110,432272.508,1400501.691,12.6631,107.8783,1401914.161,160871.6114,CJ
246,NN_CJ124,1.696,0.0737,0.005,8,41,40,430,425309.3266,1398546.354,12.6453,107.8142,1400023.493,153882.4231,CJ
234,NN_CJ125,1.956,0.0007,0.001,7.2,35,70,540,425254.365,1394852.875,12.6119,107.8138,1396326.592,153792.0856,CJ
191,NN_CJ126,1.022,0.0007,0.001,6.7,110,200,280,426094.3743,1403362.613,12.6888,107.8214,1404837.353,154718.3019,CJ
115,NN_CJ13,1.967,0.0007,0.12,7.3,159,0.1,520,426545.1592,1407325.493,12.7247,107.8254,1408800.099,155203.8839,CJ
163,NN_CJ14,1.604,0.3149,1.13,7.1,320,700,790,424495.6141,1407991.577,12.7306,107.8065,1409486.641,153158.5733,CJ
507,NN_CJ15,1.289,0.0007,0.001,6.2,104,900,240,427072.4679,1404752.103,12.7014,107.8303,1406218.913,155706.9819,CJ
508,NN_CJ16,0.54,0.0007,0.001,7.6,80,2300,592,436973.0009,1394824.555,12.6119,107.9217,1396186.346,165522.5171,CJ
509,NN_CJ17,1.117,0.0007,0.001,7.6,53,4300,132,436958.0065,1394867.608,12.6123,107.9215,1396229.585,165507.9189,CJ
510,NN_CJ18,0.401,0.0348,0.001,7.3,33,200,91,436865.071,1395147.441,12.6148,107.9206,1396510.582,165414.8913,CJ
134,NN_CJ19,0.685,0.006,0.005,7.3,69,150,179,436726.2829,1395163.113,12.615,107.9194,1396527.595,165278.7874,CJ
504,NN_CJ2,1.484,0.02,0.005,7.4,81,40,370,428909.1249,1404495.452,12.6992,107.8472,1405944.334,157543.0983,CJ
87,NN_CJ20,1.547,2.09,0.376,7.2,140,1100,520,436338.7257,1394595.502,12.6098,107.9158,1395963.121,164885.4257,CJ
33,NN_CJ21,1.545,0.6247,0.264,6.7,90,400,520,435885.3032,1394270.798,12.6069,107.9117,1395642.422,164431.5516,CJ
128,NN_CJ23,1.614,0.0195,0.006,7.3,215,400,569,435713.5907,1394409.462,12.6081,107.9101,1395782.863,164257.8918,CJ
68,NN_CJ24,1.652,0.0382,0.037,6.7,184,70,435,434610.759,1395170.962,12.615,107.8999,1396555.656,163161.2252,CJ
563,NN_CJ25,1.526,0.0021,0.001,7.2,132,0.1,375,434468.2475,1394879.369,12.6123,107.8986,1396265.13,163015.7857,CJ
149,NN_CJ27,1.423,0.1042,0.025,8,87,150,382,425842.204,1394596.29,12.6096,107.8192,1396064.12,154378.1019,CJ
147,NN_CJ28,1.614,0.08,0.018,7.3,43,90,420,429950.7007,1391316.372,12.58,107.8571,1392741.573,158459.6402,CJ
173,NN_CJ29,2.124,0.4101,0.233,7.4,249,40,663,430029.109,1391288.525,12.5798,107.8578,1392712.95,158537.8646,CJ
505,NN_CJ3,1.309,0.021,0.005,7,72,200,360,428544.0776,1404496.372,12.6992,107.8439,1405948.764,157177.6787,CJ
232,NN_CJ30,2.046,0.0501,0.008,7.3,263,90,643,429679.3399,1391433.808,12.5811,107.8546,1392861.716,158189.1161,CJ
205,NN_CJ31,1.628,0.69,0.08,7.3,227,1100,551,429989.3742,1391085.813,12.578,107.8575,1392510.406,158499.4725,CJ
154,NN_CJ33,1.563,0.0344,0.001,8.5,107,70,402,424752.7665,1394620.655,12.6098,107.8092,1396098.913,153287.7326,CJ
17,NN_CJ34,1.51,0.0298,0.004,6.5,155,70,390,434293.074,1392200.255,12.5881,107.8973,1393584.987,162843.2203,CJ
24,NN_CJ35,1.057,0.1226,0.069,6.6,81,40,260,434260.6279,1393838.153,12.6029,107.8967,1395224.847,162798.0185,CJ
511,NN_CJ36,1.218,0.133,0.031,6.6,135,70,310,434608.0571,1392675.822,12.5924,107.8999,1394058.031,163134.712,CJ
248,NN_CJ37,1.876,0.1566,0.09,6.7,149,90,520,434114.7948,1392111.553,12.5873,107.8954,1393497.895,162635.574,CJ
512,NN_CJ39,1.121,0.0241,0.06,6,115,400,330,434260.7651,1392587.507,12.5916,107.8967,1393972.938,162786.2281,CJ
117,NN_CJ4,1.574,0.0007,0.001,7,156,0.1,390,427967.7907,1404476.322,12.6989,107.8368,1405934.234,156415.1474,CJ
122,NN_CJ40,1.727,0.0007,0.004,7.5,125,200,510,429095.9351,1404399.724,12.6983,107.8479,1405846.71,157611.5613,CJ
513,NN_CJ42,0.838,0.0007,0.001,6.6,69,150,220,429181.8733,1403778.785,12.6927,107.8497,1405224.298,157809.2427,CJ
245,NN_CJ43,1.75,0.0007,0.001,7.5,130,0.1,440,429123.4492,1404544.081,12.6996,107.8492,1405990.953,157758.1136,CJ
194,NN_CJ45,1.839,0.0393,0.034,7.5,190,150,540,427868.2478,1404482.722,12.699,107.8376,1405941.597,156501.0095,CJ
213,NN_CJ47,1.671,0.0279,0.006,7,172,70,440,426899.7902,1404475.988,12.6989,107.8287,1405944.167,155531.467,CJ
514,NN_CJ49,0.925,0.0234,0.001,6.1,99,110,240,427443.9408,1403727.872,12.6922,107.8337,1405190.032,156069.001,CJ
150,NN_CJ5,1.649,0.0949,0.014,7.4,307,900,860,428808.1537,1407528.656,12.7266,107.8462,1408981.674,157471.2139,CJ
203,NN_CJ51,1.044,0.0007,0.001,7.2,88,0.1,250,426855.8779,1403827.718,12.6931,107.8283,1405295.634,155481.2772,CJ
141,NN_CJ53,0.92,0.0046,0.001,6.3,116,1500,260,426905.6414,1404405.296,12.6983,107.8288,1405873.344,155536.6448,CJ
18,NN_CJ54,1.919,0.0007,0.006,6.4,157,70,530,426905.6414,1404405.296,12.6983,107.8288,1405873.344,155536.6448,CJ
108,NN_CJ55,2.105,0.0016,0.015,7.1,281,70,750,427112.472,1406226.995,12.7148,107.8306,1407694.977,155761.218,CJ
107,NN_CJ56,1.126,0.0007,0.001,6.4,120,200,310,427720.3478,1404455.443,12.6988,107.8363,1405915.712,156352.6918,CJ
515,NN_CJ57,1.088,0.0031,0.001,6,112,40,270,427303.7273,1404345.885,12.6978,107.8324,1405810.043,155934.5796,CJ
516,NN_CJ58,0.859,0.0304,0.001,6.4,95,90,220,427471.1725,1403758.532,12.6925,107.834,1405220.462,156096.556,CJ
273,NN_CJ59,1.537,0.0007,0.001,8.2,129,150,420,426094.3743,1403362.613,12.6888,107.8213,1404837.353,154714.4978,CJ
129,NN_CJ6,0.93,0.0065,0.008,8,172,150,1540,428793.5856,1406536.146,12.7176,107.8461,1407988.268,157447.0717,CJ
214,NN_CJ61,1.679,0.4609,0.094,7.3,303,900,719,431153.3828,1406834.514,12.7203,107.8678,1408264.224,159812.1856,CJ
178,NN_CJ62,1.833,0.0318,0.003,7.1,129,110,510,434038.0799,1395482.639,12.6178,107.8946,1396873.117,162590.9459,CJ
58,NN_CJ63,1.54,0.1126,0.03,7,149,40,390,433883.9415,1395384.665,12.6169,107.8932,1396776.516,162435.7158,CJ
517,NN_CJ64,0.94,0.0535,0.004,7.3,90,150,249,428708.978,1396878.27,12.6303,107.8455,1398321.116,157269.7062,CJ
255,NN_CJ65,1.549,0.0334,0.009,7.3,112,40,390,431651.7296,1399578.245,12.6548,107.8726,1400995.72,160241.3479,CJ
43,NN_CJ66,0.838,0.0422,0.002,7.2,67,90,212,431942.8679,1400189.047,12.6603,107.8749,1401604.358,160506.9421,CJ
289,NN_CJ67,1.695,0.0371,0.021,7.1,136,200,497,432662.0784,1400642.116,12.6644,107.8819,1402050.995,161262.9253,CJ
518,NN_CJ68,1.904,0.051,0.003,7,136,40,980,431590.1454,1401569.613,12.6728,107.872,1402989.72,160198.7922,CJ
564,NN_CJ69,0.72,0.0304,0.001,7.4,67,0.1,169,431753.6888,1401824.268,12.6751,107.8735,1403243.067,160364.9466,CJ
172,NN_CJ7,1.764,0.1474,0.031,7.9,161,70,470,428758.7178,1407064.772,12.7224,107.8457,1408517.782,157412.1675,CJ
1,NN_CJ70,1.849,0.0546,0.011,7.3,179,70,503,431904.3268,1401731.72,12.6742,107.8749,1403148.979,160514.8508,CJ
37,NN_CJ71,1.867,0.0263,0.003,7.3,127,40,493,432249.9687,1402434.579,12.6806,107.878,1403849.239,160867.5915,CJ
519,NN_CJ72,1.653,0.0328,0.001,6.9,104,40,420,431966.728,1402588.901,12.682,107.8754,1404006.438,160585.5429,CJ
114,NN_CJ73,1.83,0.086,0.047,7.7,15,90,495,431303.9392,1406720.451,12.7193,107.8692,1408148.594,159961.7983,CJ
520,NN_CJ74,1.068,0.0364,0.001,7.3,113,150,285,431182.3534,1403862.966,12.6935,107.8682,1405289.343,159812.6015,CJ
262,NN_CJ75,1.034,0.1247,0.023,8,43,90,260,431684.5074,1399406.086,12.6532,107.8729,1400823.07,160272.5101,CJ
81,NN_CJ77,1.203,0.9762,0.012,6.6,93,150,320,423918.5242,1393012.669,12.5952,107.8015,1394497.159,152437.2485,CJ
148,NN_CJ78,1.61,0.0169,0.005,7.5,147,40,410,424251.3063,1394443.754,12.6082,107.805,1395926.61,152831.503,CJ
145,NN_CJ79,1.754,0.021,0.003,8,69,40,450,424024.8325,1394398.263,12.6078,107.8025,1395883.232,152556.8928,CJ
506,NN_CJ8,0.85,0.0209,0.001,6.7,90,110,220,424397.739,1404104.591,12.6955,107.8057,1405596.427,153023.1807,CJ
143,NN_CJ80,1.466,0.16,0.005,7.2,149,0.1,360,423276.0329,1394277.352,12.6066,107.7956,1395769.339,151806.1303,CJ
218,NN_CJ81,1.594,0.0757,0.006,7.5,147,90,420,423405.8422,1394289.602,12.6068,107.7968,1395780.363,151936.197,CJ
152,NN_CJ82,1.682,0.0224,0.005,7.5,128,70,440,420333.078,1393074.691,12.5957,107.7685,1394593.446,148848.4843,CJ
176,NN_CJ83,1.875,0.0231,0.025,7.6,244,40,510,420327.3161,1393173.04,12.5966,107.7685,1394691.959,148843.6542,CJ
258,NN_CJ84,2.039,0.037,0.005,7.8,163,15,560,420567.0859,1393651.747,12.6009,107.7707,1395168.905,149088.2553,CJ
166,NN_CJ85,1.961,0.1359,0.014,7.2,153,90,560,422984.3766,1393565.224,12.6002,107.7929,1395059.223,151507.3617,CJ
228,NN_CJ86,1.917,0.4624,0.044,7.2,180,150,580,422902.6468,1393476.33,12.5994,107.7922,1394971.012,151424.6951,CJ
133,NN_CJ87,1.735,0.4726,0.019,7,189,90,470,424112.5855,1393350.171,12.5983,107.8033,1394833.174,152634.7382,CJ
253,NN_CJ88,1.38,1.08,0.024,7.9,50,40,340,425159.8293,1394825.16,12.6116,107.8129,1396299.75,153697.1842,CJ
238,NN_CJ89,1.249,0.0223,0.001,8.2,19,70,310,425763.4562,1394488.943,12.6086,107.8185,1395957.411,154298.2453,CJ
144,NN_CJ9,1.035,0.023,0.001,7.4,41,90,260,423978.7724,1402003.836,12.6765,107.8021,1403497.438,152603.7638,CJ
199,NN_CJ90,1.978,0.0278,0.005,8.3,213,40,550,426615.2563,1395940.214,12.6218,107.8262,1397402.088,155150.9507,CJ
257,NN_CJ91,1.907,0.0262,0.01,8.1,107,90,530,426745.0708,1395958.317,12.6219,107.8275,1397418.97,155294.938,CJ
207,NN_CJ92,1.184,0.0638,0.013,7.9,115,70,300,427780.7259,1396167.701,12.6238,107.837,1397618.676,156333.6873,CJ
170,NN_CJ93,1.512,0.0161,0.001,7.7,95,150,410,427227.3516,1395732.76,12.6199,107.8319,1397188.565,155775.5733,CJ
233,NN_CJ94,0.845,0.0415,0.002,8.4,58,70,210,424314.5143,1395516.029,12.6179,107.8051,1396999.435,152857.5616,CJ
116,NN_CJ95,0.788,1.967,0.282,6.8,75,90,200,422699.4781,1395351.355,12.6163,107.7903,1396850.012,151239.2067,CJ
91,NN_CJ96,1.279,0.3412,0.185,6.7,144,40,320,414062.3075,1395711.927,12.6194,107.7108,1397293.516,142595.8487,CJ
35,NN_CJ97,0.484,0.9745,0.032,6,38,40,110,421532.2339,1395606.524,12.6186,107.7795,1397116.612,150073.128,CJ
374,NN_CJ98,0.589,0.1114,0.169,5.8,54,40,140,421477.7592,1395551.362,12.6181,107.779,1397061.91,150018.5937,CJ
11,NN_CJ99,0.772,0.002,0.001,6.9,91,110,200,425385.3547,1398770.477,12.6473,107.8149,1400247.127,153960.6784,CJ
83,NN_DG1,0.451,1.855,0.153,6,47,150,110,428442.359,1321020.673,11.9445,107.8448,1322386.214,156296.7849,DaGl
54,NN_DG10,0.966,0.0203,0.001,7.9,115,40,240,437584.3565,1313100.528,11.8731,107.9289,1314375.431,165376.7051,DaGl
280,NN_DG100,1.446,0.11,0.097,6.7,72,0.1,350,456898.7184,1347179.099,12.1815,108.1057,1348309.73,185019.4976,DaGl
292,NN_DG102,0.406,0.53,0.02,7.1,21,90,90,456672.4149,1347455.968,12.184,108.1036,1348588.925,184795.5529,DaGl
304,NN_DG103,1.162,0.14,0.062,6.6,48,20,280,456440.1247,1347769.72,12.1869,108.1015,1348905.092,184565.9568,DaGl
281,NN_DG104,0.847,0.046,0.06,7,63,0.1,200,456388.7746,1347794.377,12.1871,108.101,1348930.244,184514.7898,DaGl
188,NN_DG105,1.505,0.316,0.103,6.9,94,90,390,456325.4611,1347905.086,12.1881,108.1004,1349041.634,184452.4432,DaGl
189,NN_DG106,1.259,0.138,0.012,7.3,45,0.1,300,456289.4569,1348086.426,12.1897,108.1001,1349223.463,184416.4078,DaGl
74,NN_DG107,1.235,8.963,0.105,7.2,51,28,300,456124.0673,1348664.33,12.1949,108.0986,1349803.395,184257.8838,DaGl
161,NN_DG108,1.396,0.084,0.005,7.1,49,21,340,456251.6102,1349063.586,12.1986,108.0997,1350201.819,184389.2246,DaGl
391,NN_DG12,0.196,0.0181,0.033,5.2,4,70,20,428042.413,1320781.952,11.9424,107.8411,1322150.86,155894.2547,DaGl
392,NN_DG14,0.381,0.5917,0.104,5.4,30,40,80,428254.6061,1320950.446,11.9439,107.8431,1322317.612,156106.6727,DaGl
393,NN_DG16,0.243,0.0118,0.169,6.6,8,0.1,30,428569.7601,1321158.643,11.9458,107.846,1322523.176,156425.5697,DaGl
62,NN_DG18,0.226,0.2146,0.063,6.8,5,70,30,428726.5731,1321324.199,11.9473,107.8474,1322687.488,156584.0471,DaGl
394,NN_DG19,0.174,0.0096,0.036,5.3,1.5,40,10,437269.1298,1336063.357,12.0807,107.9255,1337364.011,165269.5346,DaGl
390,NN_DG2,0.757,0.1119,0.012,5.4,4,1500,30,428478.6147,1320999.077,11.9443,107.8451,1322364.267,156332.8835,DaGl
395,NN_DG20,0.224,0.7516,0.009,5.4,5,90,30,437278.137,1336032.611,12.0804,107.9256,1337333.152,165278.2694,DaGl
537,NN_DG21,0.46,0.0541,0.004,6.8,16,40,100,436410.8476,1334897.546,12.0702,107.9177,1336204.887,164399.73,DaGl
396,NN_DG22,0.196,0.0007,0.017,5.4,4,70,20,436356.4616,1334636.789,12.0678,107.9172,1335944.366,164342.9054,DaGl
397,NN_DG23,0.246,0.3019,0.036,5.4,3,0.1,30,436388.7893,1334622.278,12.0677,107.9175,1335929.544,164375.1328,DaGl
398,NN_DG24,0.199,0.0256,0.021,5,8,40,20,436387.9042,1334632.727,12.0678,107.9175,1335940.012,164374.2468,DaGl
7,NN_DG25,0.757,0.2833,0.011,6.7,55,90,190,435803.4161,1335092.428,12.0719,107.9121,1336405.519,163793.4706,DaGl
399,NN_DG26,0.242,0.0246,0.019,5.5,9,0.1,30,437626.7122,1313094.295,11.8731,107.9293,1314368.811,165419.0469,DaGl
55,NN_DG27,0.868,0.0299,0.004,6.7,45,40,210,437163.7063,1313104.469,11.8732,107.925,1314383.161,164955.6702,DaGl
13,NN_DG28,0.624,0.0076,0.001,6.5,31,70,150,437113.0892,1313067.087,11.8728,107.9245,1314346.197,164904.6661,DaGl
132,NN_DG29,0.698,0.1418,0.039,6.3,35,70,170,436601.4268,1313544.108,11.8771,107.9198,1314828.3,164396.7833,DaGl
557,NN_DG30,0.674,0.0502,0.061,5.2,13,280,170,436362.6478,1313541.536,11.8771,107.9177,1314827.874,164157.7412,DaGl
9,NN_DG31,0.486,0.0323,0.244,4.8,12,70,110,438119.1877,1320092.819,11.9364,107.9337,1321369.856,165975.1411,DaGl
400,NN_DG32,0.762,6.517,0.112,5.4,9,1500,50,438313.1467,1320249.128,11.9378,107.9354,1321524.566,166170.7062,DaGl
401,NN_DG33,0.343,0.0219,0.154,4.4,14,90,70,439078.6882,1320281.371,11.9381,107.9425,1321549.916,166937.2964,DaGl
402,NN_DG34,0.607,0.0349,0.216,3.9,16,40,140,439281.3093,1320234.873,11.9377,107.9443,1321501.54,167139.6966,DaGl
403,NN_DG35,0.373,0.0238,0.069,4.5,12,0.1,70,440497.8572,1317294.987,11.9111,107.9555,1318547.779,168330.877,DaGl
404,NN_DG36,0.169,0.0636,0.006,7,1.5,70,10,422582.3661,1317708.277,11.9145,107.7911,1319123.225,150400.5289,DaGl
405,NN_DG37,0.193,0.1111,0.056,6.2,1.5,200,10,422955.9025,1317048.832,11.9085,107.7945,1318459.685,150768.5218,DaGl
406,NN_DG38,0.229,0.0248,0.055,6.4,3,150,30,422973.6478,1317006.383,11.9081,107.7947,1318417.029,150785.9034,DaGl
118,NN_DG39,0.286,0.2245,0.035,6.2,3,90,50,430207.5619,1314899.384,11.8892,107.8611,1316242.542,158008.5663,DaGl
4,NN_DG4,0.283,0.433,0.323,6,25,40,50,429745.7334,1322040.823,11.9538,107.8566,1323395.637,157601.3371,DaGl
111,NN_DG40,0.318,0.1709,0.036,6.4,1.5,150,60,431218.0442,1314917.967,11.8894,107.8704,1316252.04,159020.2704,DaGl
407,NN_DG41,0.29,0.0532,0.039,5.5,13,40,50,427582.434,1314936.581,11.8895,107.837,1316303.431,155381.0021,DaGl
408,NN_DG42,0.174,0.0007,0.015,5.2,1.5,40,10,426135.545,1315654.176,11.896,107.8237,1317034.834,153932.5657,DaGl
409,NN_DG43,0.45,0.0007,0.015,5.6,1.5,0.1,90,423884.7622,1316759.179,11.9059,107.803,1318161.333,151695.7823,DaGl
410,NN_DG44,0.753,0.0007,0.01,5.2,1.5,1500,10,423564.5374,1317210.143,11.91,107.8001,1318615.679,151379.2782,DaGl
411,NN_DG45,0.275,0.0007,0.014,5.9,1.5,280,23,423564.584,1317228.58,11.9102,107.8001,1318634.136,151379.4912,DaGl
412,NN_DG46,0.197,0.0007,0.005,6.3,1.5,90,20,423197.8485,1316042.199,11.8994,107.7968,1317449.767,151001.6508,DaGl
8,NN_DG47,0.452,0.028,0.026,6.6,29,40,100,424635.5606,1317139.855,11.9094,107.8099,1318535.647,152450.832,DaGl
2,NN_DG48,0.514,0.0174,0.031,6.5,28,70,120,424566.3466,1317293.664,11.9108,107.8093,1318690.248,152381.543,DaGl
538,NN_DG49,0.49,0.0007,0.001,6.6,26,40,110,422854.3596,1317574.532,11.9133,107.7936,1318986.878,150671.6132,DaGl
536,NN_DG5,0.843,0.5271,0.006,6.5,61,70,210,426862.2338,1319454.298,11.9303,107.8303,1320832.467,154700.8096,DaGl
413,NN_DG50,0.443,0.0007,0.001,6.7,14,0.1,90,422805.7484,1317497.837,11.9126,107.7931,1318910.537,150622.2562,DaGl
414,NN_DG51,0.512,0.0007,0.02,4.6,20,0.1,110,432310.8021,1344493.523,12.1568,107.8798,1345848.233,160383.5798,DaGl
415,NN_DG52,0.23,0.0007,0.012,5.5,1.5,150,30,430946.3366,1344060.342,12.1529,107.8673,1345427.168,159017.7045,DaGl
416,NN_DG53,0.619,0.0007,0.086,4.7,1.5,280,150,431254.8826,1344136.443,12.1536,107.8701,1345500.507,159323.2823,DaGl
539,NN_DG54,0.458,0.0239,0.001,7.5,35,150,110,432418.5349,1344010.855,12.1525,107.8808,1345364.076,160486.9791,DaGl
51,NN_DG55,0.987,0.5697,0.003,7.5,108,200,270,432421.5441,1344004.702,12.1524,107.8808,1345357.889,160489.9348,DaGl
78,NN_DG56,0.823,0.0007,0.001,7.1,79,430,210,432106.5454,1343750.384,12.1501,107.878,1345106.209,160172.2709,DaGl
158,NN_DG57,1.49,0.0092,0.001,7.1,150,15,370,422249.3748,1336335.367,12.0828,107.7876,1337773.792,150236.5439,DaGl
417,NN_DG58,0.39,0.0027,0.12,5.5,14,40,80,420131.1927,1326778.427,11.9964,107.7683,1328225.613,148028.8271,DaGl
418,NN_DG59,0.341,0.0007,0.001,5.8,24,70,70,421365.8541,1324636.515,11.9771,107.7797,1326070.109,149245.4006,DaGl
25,NN_DG6,0.792,1.899,0.017,6.6,35,40,190,427016.8057,1319561.469,11.9313,107.8317,1320938.355,154856.5156,DaGl
419,NN_DG60,0.234,0.0007,0.151,5.3,1.5,40,30,421474.7465,1324630.084,11.977,107.7807,1326062.682,149354.3549,DaGl
420,NN_DG61,0.743,0.0007,0.22,5.4,20,70,180,423176.6825,1317002.179,11.9081,107.7965,1318410.988,150989.1224,DaGl
540,NN_DG62,0.684,0.0108,0.001,7,68,70,170,424148.1559,1317051.964,11.9086,107.8055,1318452.06,151962.1048,DaGl
421,NN_DG63,0.238,0.002,0.009,5.5,11,200,30,424458.1053,1316359.822,11.9023,107.8083,1317756.369,152266.1459,DaGl
38,NN_DG64,0.278,0.0428,0.001,5.6,16,150,50,454561.9892,1345142.358,12.1631,108.0843,1346292.754,182661.9609,DaGl
541,NN_DG65,0.708,0.062,0.002,6.1,82,90,180,455036.0356,1344769.843,12.1597,108.0887,1345915.547,183136.423,DaGl
61,NN_DG66,0.37,0.0352,0.01,5.8,17,9300,60,456748.6193,1345824.281,12.1693,108.1043,1346955.126,184856.7782,DaGl
168,NN_DG67,2.129,0.0368,0.002,6.5,131,0.1,600,457094.8916,1346966.801,12.1796,108.1066,1348095.439,185116.2133,DaGl
298,NN_DG68,1.627,0.4409,0.007,6.5,67,40,410,457079.7017,1346914.588,12.1791,108.1074,1348043.322,185198.1973,DaGl
239,NN_DG70,0.67,0.9594,0.113,6.5,166,2000,540,457040.5838,1347037.551,12.1802,108.107,1348166.751,185160.1798,DaGl
92,NN_DG71,0.592,0.0361,0.002,6.5,42,150,150,457843.0446,1345911.807,12.1701,108.1144,1347032.642,185952.9513,DaGl
267,NN_DG72,2.011,0.6378,0.006,6.3,173,40,560,456352.6746,1347911.191,12.1881,108.1007,1349047.493,184479.7366,DaGl
283,NN_DG73,1.235,0.5351,0.078,6.5,71,70,310,456054.7388,1348793.485,12.1961,108.0979,1349933.302,184189.6879,DaGl
224,NN_DG74,1.315,0.1722,0.003,6.9,76,150,350,456060.6925,1348732.023,12.1956,108.098,1349871.732,184195.6467,DaGl
219,NN_DG75,1.423,0.0409,0.013,6.8,69,28,350,457441.2625,1346096.741,12.1717,108.1107,1347221.438,185552.529,DaGl
69,NN_DG76,0.509,0.1725,0.005,6.8,25,90,120,457420.1376,1346121.353,12.172,108.1105,1347246.266,185529.6816,DaGl
70,NN_DG77,1.885,0.0434,0.031,7.4,129,40,500,457364.9952,1349802.465,12.2052,108.11,1350931.049,185510.397,DaGl
220,NN_DG78,0.579,0.0366,0.279,6.7,38,0.1,130,457305.2145,1346084.647,12.1716,108.1095,1347210.587,185416.2526,DaGl
187,NN_DG79,0.439,0.0353,0.004,6.3,20,0.1,90,457405.0054,1346109.084,12.1718,108.1079,1347234.126,185245.146,DaGl
47,NN_DG8,0.448,0.24,0.046,6,37,40,100,426470.6354,1318929.812,11.9256,107.8267,1320310.96,154304.0511,DaGl
159,NN_DG80,0.802,4.368,0.058,6.9,64,7,190,457489.8187,1346228.795,12.1729,108.1112,1347353.158,185602.344,DaGl
241,NN_DG82,0.405,0.082,0.016,6.8,17,0.1,80,457501.5084,1345949.168,12.1704,108.1113,1347073.183,185611.4666,DaGl
221,NN_DG83,0.447,0.108,0.016,6.7,38,43,100,457444.5639,1346290.313,12.1735,108.1107,1347415.146,185557.6174,DaGl
73,NN_DG85,1.925,0.047,0.004,6.9,127,0.1,500,457580.3509,1346121.123,12.172,108.112,1347244.559,185691.9615,DaGl
71,NN_DG86,1.117,0.056,0.004,6.8,59,23,270,457516.9143,1346151.94,12.1722,108.1114,1347275.987,185628.7545,DaGl
222,NN_DG87,1.035,0.042,0.007,6.5,51,28,250,457544.2041,1346210.281,12.1728,108.1117,1347334.126,185656.6055,DaGl
186,NN_DG88,0.852,0.2057,0.015,6.6,48,0.1,200,457513.9709,1346207.252,12.1727,108.1114,1347331.373,185626.3184,DaGl
66,NN_DG89,0.501,0.9544,0.033,6.5,33,9,110,457501.8793,1346207.269,12.1727,108.1113,1347331.502,185614.2166,DaGl
160,NN_DG90,0.47,0.2572,0.015,6.5,13,20,100,457480.8252,1346281.043,12.1734,108.1111,1347405.533,185593.8244,DaGl
216,NN_DG92,0.615,0.16,0.007,6.5,25,15,140,457432.4946,1346305.694,12.1736,108.1106,1347430.651,185545.6796,DaGl
242,NN_DG94,0.99,0.1543,0.029,6.7,58,90,250,456989.2767,1347092.933,12.1807,108.1065,1348222.654,185109.3392,DaGl
300,NN_DG96,1.506,14.511,2.71,6.7,60,21,370,456965.0989,1347096.041,12.1808,108.1063,1348225.988,185085.1693,DaGl
284,NN_DG98,1.16,1.226,0.095,7.1,69,15,280,456925.9369,1347188.277,12.1816,108.106,1348318.665,185046.8243,DaGl
278,NN_DM1,2.096,0.0931,0.035,7.7,128,40,604,422761.0245,1386854.614,12.5395,107.791,1388343.452,151219.891,DMil
485,NN_DM10,0.589,0.0007,0.004,6,53,40,140,412442.8483,1374051.636,12.4235,107.6968,1375623.646,140803.7693,DMil
486,NN_DM11,0.615,0.0007,0.001,5.9,73,150,160,411863.4321,1374207.041,12.4249,107.6911,1375784.684,140190.4689,DMil
487,NN_DM12,1.243,0.0007,0.005,7,131,40,310,411545.4176,1373916.082,12.4223,107.6882,1375496.38,139869.346,DMil
488,NN_DM13,0.771,0.0007,0.001,6.1,92,40,190,411561.6347,1372302.74,12.4077,107.6885,1373881.007,139885.582,DMil
366,NN_DM14,0.525,0.0291,0.047,5.3,36,150,130,408363.6695,1377290.875,12.4527,107.6578,1378905.117,136595.9556,DMil
367,NN_DM15,0.272,0.0343,0.005,5.4,25,90,50,404269.3942,1376618.877,12.4465,107.6212,1378270.93,132610.134,DMil
489,NN_DM16,0.811,0.0007,0.001,5.8,43,70,200,405174.2236,1377178.252,12.4516,107.6295,1378822.447,133521.3341,DMil
490,NN_DM17,0.319,0.0287,0.002,6.8,20,40,60,403119.8409,1377483.151,12.4543,107.6106,1379147.099,131467.3343,DMil
491,NN_DM18,0.941,0.0275,0.018,6.6,88,90,240,412467.5573,1388830.911,12.5571,107.6963,1390419.79,140933.661,DMil
492,NN_DM19,0.342,0.0335,0.001,7.1,23,70,70,404511.1777,1379503.01,12.4726,107.6233,1381156.276,132879.4354,DMil
277,NN_DM2,2.095,0.0624,0.002,7.7,15,40,603,422761.0245,1386854.614,12.5395,107.791,1388343.452,151219.891,DMil
493,NN_DM20,0.978,0.0483,0.001,7.5,96,90,250,409855.099,1387755.79,12.5473,107.6723,1389368.254,138307.9376,DMil
562,NN_DM21,0.612,0.026,0.001,6.8,52,0.1,140,411604.1061,1385175.196,12.5241,107.6884,1386768.039,140034.4844,DMil
494,NN_DM22,0.9,0.0377,0.004,6.6,67,40,220,412063.7389,1387383.245,12.544,107.6926,1388974.287,140515.6135,DMil
157,NN_DM23,0.804,0.2429,0.003,8.6,8,40,190,412094.7283,1387644.352,12.5464,107.6927,1389235.402,140525.6761,DMil
495,NN_DM25,0.439,0.0265,0.003,6.4,34,70,100,411850.5783,1380878.445,12.4852,107.6914,1382463.961,140302.2057,DMil
368,NN_DM27,0.241,0.0361,0.001,6.9,11,0.1,30,414973.0361,1384031.107,12.5138,107.7195,1385590.687,143396.444,DMil
162,NN_DM29,1.275,0.0441,0.001,8.1,6,90,320,417206.4321,1381655.364,12.4924,107.7401,1383191.103,145609.871,DMil
225,NN_DM3,1.244,0.0136,0.005,6.8,15,200,336,422761.0245,1386854.614,12.5395,107.791,1388343.452,151219.891,DMil
496,NN_DM30,1.021,0.022,0.004,6,67,40,250,416432.6264,1381368.745,12.4898,107.733,1382911.482,144832.4809,DMil
497,NN_DM31,0.28,0.0357,0.004,7.1,12,90,50,402899.7204,1377044.45,12.4503,107.6086,1378709.939,131242.8061,DMil
93,NN_DM32,1.168,0.0398,0.004,8.6,16,150,304,400015.5984,1372675.223,12.4107,107.5822,1374362.491,128313.9788,DMil
369,NN_DM33,0.222,0.0007,0.01,6.2,1.5,40,26,400141.7164,1372459.677,12.4088,107.5844,1374145.492,128547.4774,DMil
370,NN_DM35,0.198,0.0007,0.006,8.3,3,15,16,402417.4417,1374633.761,12.4285,107.6042,1376300.844,130737.2167,DMil
498,NN_DM36,0.923,0.0168,0.001,7.3,81,90,235,401429.527,1373662.963,12.4197,107.5952,1375338.153,129738.949,DMil
499,NN_DM37,0.342,0.0379,0.001,6.6,27,90,72,403463.8956,1371440.48,12.3997,107.6142,1373093.816,131775.8113,DMil
500,NN_DM39,0.568,0.0142,0.001,6.7,51,9,130,403259.9708,1370977.137,12.3955,107.6121,1372631.824,131546.3883,DMil
155,NN_DM4,1.804,0.3704,0.156,6.9,51,150,514,422761.0245,1386854.614,12.5395,107.791,1388343.452,151219.891,DMil
501,NN_DM40,1.27,0.0738,0.001,7.7,133,40,317,405735.2196,1375105.222,12.4329,107.6347,1376741.631,134063.4648,DMil
371,NN_DM41,0.194,0.0283,0.007,6,3,40,17,405891.2351,1376086.533,12.4417,107.6361,1377722.652,134228.9146,DMil
502,NN_DM42,0.496,0.0205,0.005,6.3,35,90,118,404007.4594,1376862.514,12.4487,107.6186,1378517.333,132333.6153,DMil
372,NN_DM43,0.404,0.0189,0.008,6.7,19,0.1,80,403944.714,1377065.54,12.4505,107.6181,1378721.197,132280.0406,DMil
373,NN_DM44,0.903,0.028,0.124,4.3,9,70,220,404384.1547,1376618.497,12.4465,107.6223,1378269.467,132725.0301,DMil
3,NN_DM45,0.438,7.984,0.21,5.8,155,2300,420,420692.5364,1385554.276,12.5277,107.7709,1387061.326,149015.164,DMil
206,NN_DM46,1.504,0.0847,0.003,7,19,70,380,422541.0904,1387018.071,12.541,107.789,1388509.176,151001.2699,DMil
177,NN_DM47,1.73,0.0597,0.004,9.1,5,40,440,422224.5659,1387184.864,12.5425,107.7861,1388679.157,150685.9847,DMil
193,NN_DM48,1.943,0.0419,0.011,6.9,204,75,550,424594.521,1387258.428,12.5432,107.8079,1388730.29,153059.2043,DMil
287,NN_DM49,2.116,0.0223,0.008,7.4,270,43,670,424816.2727,1387324.219,12.5438,107.8099,1388794.045,153281.8191,DMil
482,NN_DM5,0.874,0.0083,0.001,6.5,73,150,230,416288.1391,1377362.079,12.4536,107.7317,1378901.649,144649.9808,DMil
49,NN_DM50,2.175,0.0126,0.027,7.4,38,23,660,425548.962,1387452.597,12.545,107.8167,1388915.6,154016.5123,DMil
48,NN_DM51,1.086,0.0288,0.008,7.8,118,150,290,421884.3518,1386411.419,12.5355,107.783,1387908.098,150338.0547,DMil
10,NN_DM52,1.73,0.0007,0.021,7.2,125,23,440,421118.7347,1385743.622,12.5295,107.776,1387246.836,149565.2607,DMil
244,NN_DM53,1.29,0.0175,0.001,8.7,11,21,310,420162.8233,1385054.861,12.5232,107.7672,1386566.385,148601.7623,DMil
36,NN_DM54,1.666,0.1313,0.009,7.7,99,28,420,421152.1119,1385804.988,12.53,107.7763,1387307.953,149599.2568,DMil
6,NN_DM6,1.127,0.1335,0.025,6.5,119,40,280,417416.8701,1377116.069,12.4514,107.7421,1378644.715,145777.6649,DMil
171,NN_DM7,1.77,1.481,0.219,6.6,377,1500,960,417742.3077,1377926.388,12.4587,107.7451,1379452.874,146111.1126,DMil
483,NN_DM8,1.33,0.1031,0.003,7,146,70,340,416127.4888,1377156.66,12.4517,107.7303,1378697.512,144487.211,DMil
484,NN_DM9,0.983,0.8925,0.042,6.6,83,150,260,416183.5145,1377731.132,12.4569,107.7308,1379272.107,144548.7195,DMil
305,NN_DR1,0.194,0.0007,0.001,7,6,90,20,386786.7231,1311170.225,11.8543,107.4627,1312899.732,114502.3309,DRl
551,NN_DR10,0.26,0.0605,0.026,5.4,9,40,40,380107.1269,1317489.515,11.9112,107.4012,1319287.834,107870.5855,DRl
94,NN_DR11,0.55,0.0094,0.028,6.7,5,0.1,118,379970.5426,1317388.645,11.9103,107.3999,1319188.058,107732.9007,DRl
313,NN_DR12,0.358,0.0007,0.02,4.9,11,40,70,399057.9413,1321658.48,11.9495,107.575,1323290.853,126884.1424,DRl
314,NN_DR13,0.245,0.011,0.015,5.9,4,70,36,386038.5503,1320674.822,11.9402,107.4555,1322423.839,113838.9131,DRl
315,NN_DR14,0.193,0.0315,0.05,5.6,4,75,19,387415.2811,1320657.359,11.9401,107.4682,1322393.886,115217.3302,DRl
441,NN_DR15,0.304,0.026,0.002,6,17,150,59,384262.3398,1322254.991,11.9544,107.4381,1324022.235,111960.4986,DRl
442,NN_DR16,0.64,0.0007,0.01,6.6,77,200,170,385574.2251,1320317.035,11.937,107.4513,1322069.774,113370.7236,DRl
316,NN_DR17,0.195,0.0119,0.02,6.2,1.5,0.1,13,393875.386,1327468.232,12.0019,107.5272,1329155.06,121747.7397,DRl
317,NN_DR18,0.246,0.0277,0.01,5.3,3,90,37,394327.5227,1327002.616,11.9977,107.5314,1328684.73,122196.2228,DRl
443,NN_DR19,0.378,0.0061,0.009,7,17,40,77,393866.3759,1327486.701,12.0021,107.5272,1329173.635,121738.886,DRl
57,NN_DR2,0.724,0.1348,0.001,7.4,42,90,180,387250.0924,1309607.415,11.8402,107.467,1311330.665,114952.2781,DRl
318,NN_DR20,0.18,0.0101,0.015,5.4,1.5,150,12,394309.9171,1328874.122,12.0146,107.5312,1330558.805,122195.6308,DRl
319,NN_DR21,0.236,0.0835,0.013,6.2,13,150,35,390679.7856,1328024.551,12.0068,107.4979,1329741.189,118553.0449,DRl
320,NN_DR22,0.384,0.0007,0.008,4.9,1.5,90,80,404811.9125,1325772.174,11.9869,107.6277,1327357.426,132682.5534,DRl
444,NN_DR23,0.513,0.0007,0.003,6.6,33,280,120,400850.6169,1324488.216,11.9752,107.5914,1326107.868,128704.7225,DRl
445,NN_DR24,0.795,0.0055,0.001,7.4,55,90,200,398223.0004,1327603.741,12.0032,107.5672,1329251.178,126102.1335,DRl
446,NN_DR25,0.605,0.0139,0.018,6.5,27,280,150,403476.2444,1325297.064,11.9826,107.6155,1326893.871,131340.9375,DRl
447,NN_DR26,0.367,0.0232,0.011,6.4,22,150,80,398148.5315,1327945.091,12.0063,107.5665,1329593.637,126030.6774,DRl
448,NN_DR27,1.197,0.1418,0.01,7.6,49,900,160,394614.7862,1323427.74,11.9654,107.5342,1325102.644,122451.3799,DRl
306,NN_DR3,0.188,0.004,0.014,5.4,1.5,0.1,11,385924.0035,1308733.477,11.8323,107.4549,1310467.459,113616.5637,DRl
321,NN_DR30,0.381,0.0079,0.007,4.9,1.5,110,80,394630.1494,1323581.335,11.9668,107.5343,1325256.298,122468.1564,DRl
449,NN_DR32,1.596,0.0007,0.001,4.3,95,210,460,394694.9653,1323946.791,11.9701,107.5348,1325621.635,122531.6621,DRl
322,NN_DR33,0.227,0.0007,0.019,6.7,5,150,30,394282.5149,1324529.03,11.9753,107.5311,1326208.368,122128.6765,DRl
307,NN_DR4,0.18,0.0085,0.023,5.9,1.5,40,12,387603.8118,1310306.75,11.8465,107.4702,1312027.757,115312.7521,DRl
308,NN_DR5,0.411,0.0007,0.132,5.1,7,0.1,80,390181.0756,1311514.232,11.8575,107.4938,1313213.675,117904.2882,DRl
309,NN_DR6,0.168,0.0007,0.017,4.9,1.5,90,10,394094.8578,1312422.219,11.8659,107.5297,1314087.64,121831.3431,DRl
310,NN_DR7,0.222,0.0546,0.046,5.1,7,90,30,395875.0217,1316085.149,11.8991,107.546,1317739.236,123646.7988,DRl
311,NN_DR8,0.252,0.0133,0.086,4.8,12,40,38,396416.7854,1317868.668,11.9152,107.5509,1319520.141,124205.3569,DRl
312,NN_DR9,0.249,0.0007,0.019,6.9,3,90,38,382340.981,1319158.633,11.9264,107.4216,1320939.057,110122.6047,DRl
339,NN_DS1,0.216,0.0007,0.015,4.6,1.5,0.1,20,395108.4903,1361279.252,12.3076,107.5375,1362998.124,123293.9562,DaSo
461,NN_DS10,0.959,0.2969,0.002,7.2,17,700,120,399175.7683,1350743.001,12.2124,107.5752,1352410.76,127268.4735,DaSo
462,NN_DS11,1.263,0.0007,0.001,7.4,57,40,310,400008.3526,1350242.341,12.2079,107.5828,1351901.77,128097.4639,DaSo
346,NN_DS12,0.219,0.0637,0.02,5.4,15,70,30,400236.5758,1349795.987,12.2039,107.585,1351452.749,128321.842,DaSo
347,NN_DS13,0.241,0.0007,0.008,6,25,90,40,400706.4685,1350196.96,12.2076,107.5893,1351849.873,128796.028,DaSo
348,NN_DS14,0.753,0.0427,0.02,4.9,3,1500,10,401061.7115,1350665.93,12.2118,107.5925,1352316.137,129156.0511,DaSo
463,NN_DS15,0.738,0.158,0.017,7.1,11,90,180,400192.6964,1349335.189,12.1997,107.5846,1350991.783,128273.6465,DaSo
464,NN_DS16,0.617,0.0015,0.001,7,33,400,130,399994.0205,1349581.7,12.202,107.5827,1351240.438,128077.0028,DaSo
465,NN_DS17,0.777,0.0565,0.006,7.2,73,40,190,392962.6483,1359513.877,12.2915,107.5178,1361250.485,121128.9011,DaSo
466,NN_DS18,0.768,0.0512,0.004,7.4,27,20,180,403570.1946,1356442.456,12.2641,107.6154,1358076.501,131721.1939,DaSo
349,NN_DS19,0.29,0.0314,0.046,5.5,7,90,52,403736.8163,1353337.913,12.236,107.617,1354966.622,131859.1981,DaSo
340,NN_DS2,0.211,0.0186,0.001,4,4,70,25,394739.0289,1360214.234,12.2979,107.5341,1361935.189,122914.092,DaSo
467,NN_DS20,0.244,0.1226,0.001,8.1,10,40,35,403725.0782,1353353.009,12.2362,107.6169,1354981.846,131847.5857,DaSo
350,NN_DS21,0.449,0.0351,0.097,5.4,6,90,100,402957.2126,1355318.235,12.2539,107.6098,1356956.6,131097.0181,DaSo
468,NN_DS22,0.308,0.2408,0.002,8.1,11,40,55,403230.5262,1355715.589,12.2575,107.6121,1357351.902,131352.4294,DaSo
469,NN_DS24,0.285,0.0337,0.002,6.7,21,40,50,409929.8934,1338279.858,12.1001,107.6744,1339833.382,137920.8473,DaSo
470,NN_DS25,0.974,0.0394,0.001,6.8,35,750,80,405983.2728,1338459.542,12.1016,107.6381,1340049.477,133971.1633,DaSo
351,NN_DS26,0.229,0.0384,0.005,6.2,3,150,30,405779.4618,1339987.424,12.1154,107.6362,1341581.074,133781.1282,DaSo
471,NN_DS28,0.454,0.0204,0.003,6.6,26,40,100,407318.2338,1336964.998,12.0881,107.6504,1338540.897,135294.0291,DaSo
352,NN_DS29,0.208,0.013,0.036,6.6,5,70,24,408318.0679,1336593.156,12.0848,107.6596,1338159.452,136291.6516,DaSo
52,NN_DS3,1.313,0.0177,0.011,7.8,13,40,320,394639.4647,1360257.615,12.2983,107.5332,1361979.554,122814.8047,DaSo
353,NN_DS30,0.204,0.0232,0.043,6.5,1.5,40,20,408231.0122,1339743.137,12.1133,107.6584,1341313.985,136204.4922,DaSo
76,NN_DS31,0.84,0.1236,0.001,7.2,83,0.1,200,406245.6192,1344924.122,12.1601,107.6403,1346519.439,134293.2617,DaSo
190,NN_DS33,0.175,0.0292,0.001,7.1,1.5,150,10,404402.906,1345390.956,12.1642,107.6234,1347003.824,132452.6209,DaSo
472,NN_DS34,0.843,0.0401,0.033,7.4,9,40,200,406277.5455,1345458.709,12.1649,107.6406,1347054.376,134330.1541,DaSo
354,NN_DS35,0.204,0.0331,0.016,5.9,1.5,40,20,404836.214,1348511.66,12.1924,107.6273,1350124.32,132915.2587,DaSo
355,NN_DS36,0.262,0.0255,0.038,7.5,16,90,45,408168.6314,1372358.462,12.4081,107.6572,1373968.689,136473.9386,DaSo
473,NN_DS38,0.303,0.0247,0.001,7.6,26,90,60,407433.3661,1372237.575,12.407,107.6504,1373854.57,135736.662,DaSo
356,NN_DS39,0.305,0.0202,0.001,7.1,12,0.1,50,407637.2397,1372424.375,12.4087,107.6523,1374039.676,135942.5346,DaSo
341,NN_DS4,0.193,0.0048,0.004,4.1,1.5,200,10,391605.1289,1359331.416,12.2898,107.5053,1361080.433,119767.922,DaSo
27,NN_DS40,0.355,0.0255,0.844,6,15,40,70,403725.0782,1353353.009,12.2362,107.6169,1354981.846,131847.5857,DaSo
53,NN_DS41,0.442,0.023,0.242,4.8,15,0.1,90,408088.4564,1372411.878,12.4086,107.6548,1374022.922,136216.2237,DaSo
357,NN_DS42,0.262,0.0332,0.051,7.8,7,40,40,407136.8056,1371593.2,12.4012,107.6477,1373212.213,135433.692,DaSo
358,NN_DS43,0.92,0.0322,0.031,6.7,89,0.1,220,408039.3302,1371207.434,12.3977,107.656,1372817.508,136333.668,DaSo
560,NN_DS44,0.93,0.0289,0.001,7.4,85,0.1,222,407711.6151,1370738.311,12.3934,107.6508,1372350.905,135761.016,DaSo
474,NN_DS46,0.845,0.0301,0.001,6.8,75,1500,187,407115.1595,1370303.853,12.3895,107.6476,1371921.529,135399.9115,DaSo
475,NN_DS47,0.238,0.0656,0.001,7.2,15,90,37,406409.7126,1369799.078,12.3849,107.6411,1371422.77,134688.8826,DaSo
476,NN_DS48,1.082,0.0301,0.001,7.2,102,90,277,407345.4058,1370515.152,12.3914,107.6497,1372130.918,135632.4163,DaSo
477,NN_DS49,0.551,0.0279,0.008,7.2,50,90,135,407328.2528,1369872.957,12.3856,107.6495,1371488.118,135609.2151,DaSo
460,NN_DS5,0.535,0.1716,0.003,6.5,45,90,130,396740.0976,1356961.992,12.2686,107.5526,1358660.177,124887.4316,DaSo
561,NN_DS50,0.346,0.0309,0.001,7.1,173,0.1,78,407390.6467,1370493.496,12.3912,107.6501,1372108.812,135677.5079,DaSo
478,NN_DS51,0.566,0.0311,0.001,7,63,40,135,407215.0039,1368462.829,12.3729,107.6485,1370077.369,135482.6052,DaSo
359,NN_DS52,0.201,0.0309,0.029,6.9,1.5,40,19,405416.8949,1364532.15,12.3373,107.6321,1366158.802,133645.5406,DaSo
360,NN_DS53,0.268,0.6479,0.124,6.8,8,0.1,38,403670.7203,1361827.501,12.3128,107.6164,1363467.18,131897.2479,DaSo
479,NN_DS55,0.474,0.0182,0.01,7.2,43,40,108,401562.7588,1359465.254,12.2914,107.5976,1361121.687,129823.5011,DaSo
480,NN_DS56,0.433,0.0273,0.001,6.1,1.5,70,93,401671.1298,1358441.586,12.2821,107.5979,1360095.747,129838.3925,DaSo
361,NN_DS59,0.225,0.0319,0.042,7.8,1.5,40,27,401006.5778,1359417.962,12.2909,107.5917,1361079.517,129182.1105,DaSo
342,NN_DS6,0.167,0.0085,0.029,4.6,1.5,150,7,395164.0421,1353999.039,12.2417,107.5382,1355708.094,123281.8494,DaSo
362,NN_DS61,0.197,0.0244,0.012,6.2,1.5,20,16,400858.9811,1358665.579,12.2841,107.5904,1360327.577,129027.325,DaSo
363,NN_DS62,0.507,0.0295,0.034,7,47,0.1,112,400331.9689,1357425.879,12.2729,107.5856,1359091.243,128488.1234,DaSo
481,NN_DS63,0.261,0.0286,0.006,6.9,11,110,44,402219.4246,1360646.15,12.3021,107.6028,1362297.918,130407.8981,DaSo
364,NN_DS64,0.18,0.0007,0.02,5.9,1.5,40,12,402423.9356,1360356.607,12.2994,107.6045,1362006.113,130582.6745,DaSo
104,NN_DS65,0.216,0.0177,0.001,5.7,1.5,200,19,405325.399,1363337.063,12.3265,107.6313,1364963.127,133542.7671,DaSo
365,NN_DS66,0.188,0.0223,0.02,5.7,1.5,90,17,405495.4877,1364544.187,12.3374,107.6328,1366170.119,133724.3408,DaSo
343,NN_DS7,0.207,0.0007,0.009,5,1.5,230,9,395005.7746,1354537.383,12.2466,107.5367,1356248.595,123128.3757,DaSo
344,NN_DS8,0.157,0.0007,0.007,4.3,1.5,90,6,397613.6222,1351793.207,12.2219,107.5608,1353476.751,125714.0894,DaSo
345,NN_DS9,0.175,0.0007,0.02,4.3,1.5,150,10,396823.8077,1353261.789,12.2351,107.5535,1354954.51,124936.8879,DaSo
84,NN_GN1,0.732,0.8442,0.386,6.6,46,0.1,170,417000.7929,1322918.876,11.9614,107.7397,1324390.143,144859.8689,GN
120,NN_GN11,1.179,0.0213,0.001,8,51,150,310,412909.9912,1328740.545,12.014,107.702,1330255.665,140817.264,GN
31,NN_GN12,1.135,0.0189,0.001,6.9,87,200,310,411052.0205,1327492.279,12.0026,107.6845,1329022.852,138895.9594,GN
424,NN_GN13,0.198,0.0196,0.009,5.3,1.5,70,20,411623.0789,1329315.862,12.0191,107.6902,1330843.374,139534.0909,GN
543,NN_GN14,0.458,0.022,0.008,6,18,40,100,411739.9965,1329369.6,12.0196,107.6912,1330896.11,139651.6349,GN
425,NN_GN15,0.739,0.0424,0.193,6.2,29,0.1,170,411856.2716,1329410.741,12.02,107.6923,1330936.239,139768.4207,GN
426,NN_GN16,0.486,0.0216,0.051,4.7,12,70,110,411810.1114,1329143.232,12.0176,107.6919,1330668.838,139719.7697,GN
90,NN_GN17,0.795,0.0282,0.001,6.9,83,150,210,409256.1543,1327826.454,12.0056,107.6685,1329373.761,137150.8162,GN
50,NN_GN18,0.424,0.1051,0.016,5.8,39,280,90,409156.0596,1327737.644,12.0048,107.6675,1329285.757,137049.7945,GN
291,NN_GN19,1.164,0.1883,0.007,7.6,105,150,310,410079.4035,1327974.852,12.007,107.676,1329514.843,137976.3904,GN
422,NN_GN2,0.297,0.0343,0.018,5,1.5,40,50,416007.5982,1322291.091,11.9557,107.7306,1323770.645,143859.8535,GN
39,NN_GN20,0.385,0.0466,0.088,5.6,22,40,80,409907.1731,1328039.592,12.0075,107.6744,1329581.227,137804.5457,GN
427,NN_GN21,0.286,0.0471,0.128,4.8,4,150,50,409934.3701,1328030.291,12.0074,107.6747,1329571.668,137831.6902,GN
544,NN_GN22,0.289,0.0712,0.001,6,6,280,30,410542.1177,1325908.204,11.9883,107.6803,1327441.55,138420.8564,GN
428,NN_GN23,0.502,0.0295,0.088,5.3,16,150,120,410590.0082,1325735.982,11.9867,107.681,1327268.69,138488.1017,GN
429,NN_GN24,0.363,0.0381,0.098,5,7,280,60,410683.5973,1325671.174,11.9861,107.6816,1327202.955,138560.3489,GN
545,NN_GN25,0.563,0.0461,0.006,6.5,30,150,140,408669.6461,1322963.894,11.9616,107.6635,1324510.748,136546.167,GN
430,NN_GN26,1.108,0.632,0.013,4.8,1.5,900,65,408399.6766,1322734.25,11.9595,107.6607,1324283.278,136247.0674,GN
211,NN_GN27,0.686,0.039,0.001,6.8,76,150,180,410598.6878,1322549.415,11.9579,107.6809,1324078.29,138447.0102,GN
179,NN_GN28,0.564,0.018,0.001,6.6,49,280,140,410586.6314,1322564.815,11.9581,107.6808,1324093.817,138435.0792,GN
546,NN_GN29,0.436,0.164,0.006,6.7,10,2000,40,411363.8857,1325540.1,11.985,107.6879,1327065.547,139240.2458,GN
266,NN_GN3,0.86,0.0281,0.002,7.9,67,40,210,414690.2438,1322918.575,11.9614,107.7207,1324410.789,142786.0179,GN
547,NN_GN30,0.718,0.132,0.041,6.2,65,2800,260,411281.6308,1326370.01,11.9925,107.687,1327897.177,139157.8944,GN
548,NN_GN31,0.894,0.042,0.018,6,60,200,240,411278.6329,1326379.238,11.9926,107.6871,1327906.443,139162.5184,GN
558,NN_GN32,0.265,0.0333,0.002,7.2,12,200,40,412052.0739,1326038.95,11.9895,107.6942,1327558.728,139933.7719,GN
121,NN_GN33,1.125,0.0251,0.001,7.1,123,200,310,405876.7,1329017.782,12.0163,107.6374,1330597.284,133778.16,GN
549,NN_GN34,0.845,0.096,0.021,7.4,22,1500,230,402648.0192,1330176.447,12.0266,107.6077,1331786.785,130556.0989,GN
550,NN_GN35,0.464,0.0442,0.001,7.3,26,200,110,403068.0285,1330039.875,12.0254,107.6116,1331646.216,130976.6246,GN
568,NN_GN36,0.802,0.0247,0.001,7.1,76,0.1,190,406751.1227,1330642.755,12.031,107.6454,1332216.247,134668.4474,GN
431,NN_GN37,0.258,0.0248,0.019,5.7,12,40,40,411408.8612,1331544.313,12.0393,107.6881,1333076.387,139339.9398,GN
432,NN_GN38,0.247,0.017,0.019,5.7,16,90,40,410947.9073,1333168.152,12.0539,107.6838,1334706.34,138893.2715,GN
423,NN_GN4,0.23,0.1898,0.024,5,7,70,32,414237.9673,1323460.676,11.9663,107.7143,1324957.616,142098.795,GN
433,NN_GN40,0.245,0.0272,0.038,4.9,1.5,200,30,410802.8588,1334222.577,12.0634,107.6825,1335763.329,138757.6894,GN
434,NN_GN41,0.297,0.0224,0.014,5.3,1.5,40,50,410768.2047,1331733.663,12.0409,107.6822,1333271.806,138700.2594,GN
302,NN_GN42,0.378,8.6611,0.01,6.4,29,9300,150,411138.0558,1331001.221,12.0343,107.6857,1332535.129,139070.5449,GN
5,NN_GN43,0.228,0.004,0.001,6.8,19,21,30,411150.3187,1331056.496,12.0348,107.6858,1332590.357,139076.6438,GN
559,NN_GN44,0.34,0.012,0.02,5.3,9,0.1,60,411068.7718,1331096.686,12.0352,107.685,1332631.338,138995.3678,GN
435,NN_GN45,0.274,0.0047,0.016,5.1,9,0.1,40,411128.9544,1330992.03,12.0343,107.6856,1332526.01,139054.6664,GN
436,NN_GN46,0.274,0.0054,0.023,4.8,9,0.1,40,411162.2165,1330988.858,12.0342,107.6859,1332522.531,139087.9675,GN
259,NN_GN48,1.07,0.0104,0.022,7.1,145,0.1,260,411014.5749,1331179.814,12.0359,107.6845,1332715.058,138936.9673,GN
437,NN_GN49,0.238,0.0608,0.028,5.5,10,9,30,410097.3958,1327922.252,12.0065,107.6762,1329462.017,137993.9252,GN
542,NN_GN5,1.427,0.027,0.018,5.8,109,150,385,413620.8455,1322006.846,11.9531,107.7087,1323507.7,141467.781,GN
438,NN_GN51,0.34,0.1687,0.08,5.1,9,0.1,60,410088.5052,1327983.736,12.007,107.6761,1329523.655,137985.5837,GN
439,NN_GN52,0.274,0.0007,0.092,4.6,9,0.1,40,411794.612,1327987.887,12.0071,107.6918,1329512.284,139693.7331,GN
183,NN_GN53,0.578,0.0593,0.01,6.1,23,15,130,410091.4472,1327956.071,12.0068,107.6761,1329495.93,137988.5669,GN
440,NN_GN54,0.337,0.0007,0.025,5.8,15,0.1,60,410134.027,1328032.765,12.0075,107.6765,1329572.327,138031.6054,GN
217,NN_GN55,0.774,0.144,0.075,4.9,9,23,180,410639.4705,1328123.44,12.0083,107.6812,1329658.509,138538.4701,GN
263,NN_GN6,1.07,0.034,0.001,7.9,5,0.1,250,415121.2817,1322563.983,11.9582,107.7225,1324051.882,142974.9956,GN
67,NN_GN7,0.193,0.0695,0.032,4.8,1.5,200,10,414994.3448,1327745.111,12.005,107.7208,1329240.11,142856.0431,GN
125,NN_GN8,1.03,0.2658,0.035,7.4,128,1500,370,414475.0613,1327039.838,11.9986,107.7164,1328538.749,142368.668,GN
567,NN_GN9,0.852,0.0508,0.001,6.8,49,0.1,200,412860.0389,1328206.016,12.0091,107.7014,1329720.97,140751.7772,GN
30,NN_KN1,2.024,0.4995,0.004,7.6,192,40,570,431763.1894,1386877.872,12.54,107.8754,1388281.255,160401.8816,KNo
209,NN_KN10,1.549,0.327,0.049,6.7,195,900,490,433934.4081,1381937.831,12.4953,107.8938,1383315.598,162340.3395,KNo
296,NN_KN100,1.721,0.1256,0.084,6.4,116,0.1,430,438178.0781,1364278.359,12.3358,107.9333,1365598.58,166440.2826,KNo
299,NN_KN101,1.36,0.0007,0.003,7.4,119,43,340,438199.356,1364339.769,12.3364,107.9335,1365659.852,166462.1552,KNo
201,NN_KN102,1.044,0.2854,1.22,6.6,51,15,250,438151.0707,1364364.454,12.3366,107.9331,1365685.012,166413.8222,KNo
109,NN_KN103,1.477,0.1449,0.328,6.9,112,40,370,438139.0775,1364407.498,12.337,107.933,1365728.211,166402.45,KNo
301,NN_KN104,1.207,11.042,0.247,6.3,30,21,290,438130.099,1364447.463,12.3373,107.9329,1365768.299,166393.836,KNo
260,NN_KN106,1.286,0.2342,0.008,6.7,94,0.1,310,438160.0753,1364336.78,12.3363,107.9332,1365657.227,166422.8078,KNo
256,NN_KN107,1.527,0.0664,0.328,6.7,97,28,380,438192.9231,1364155.417,12.3347,107.9335,1365475.378,166453.9938,KNo
63,NN_KN108,1.7,0.0485,1.5,6,114,23,430,438204.9751,1364140.028,12.3345,107.9336,1365459.861,166467.7519,KNo
95,NN_KN109,1.837,0.0336,3.71,6.4,93,90,500,438220.0415,1364121.559,12.3344,107.9337,1365441.233,166480.8226,KNo
184,NN_KN11,1.936,0.3595,0.13,7.5,179,70,540,433677.9748,1382027.533,12.4962,107.8916,1383407.818,162102.5545,KNo
45,NN_KN110,1.297,0.0528,4.12,6.2,58,90,330,438250.2136,1364103.059,12.3342,107.934,1365422.433,166510.8517,KNo
34,NN_KN111,1.059,0.0016,1.68,6.2,39,0.1,250,438280.4118,1364096.849,12.3342,107.9343,1365415.935,166541.0797,KNo
40,NN_KN112,1.325,0.0388,2.34,6.1,64,9,320,438319.7123,1364109.057,12.3343,107.9347,1365427.788,166580.4749,KNo
32,NN_KN113,0.737,0.0007,1.05,6.2,35,0.1,170,438358.9414,1364087.465,12.3341,107.935,1365405.808,166619.541,KNo
64,NN_KN114,0.803,0.1025,0.05,6.5,47,15,190,438358.8959,1364065.956,12.3339,107.935,1365384.278,166619.2945,KNo
56,NN_KN115,0.683,0.3351,0.588,5.7,39,21,160,438398.1121,1364038.218,12.3336,107.9354,1365356.147,166658.2903,KNo
113,NN_KN116,0.957,0.0497,1.55,5.9,57,20,230,437969.3739,1364162.037,12.3347,107.9314,1365484.093,166230.2857,KNo
131,NN_KN117,0.581,0.1852,0.055,6.4,29,4,130,437751.5652,1364027.3,12.3335,107.9294,1365351.257,166011.3643,KNo
138,NN_KN118,0.622,0.9193,0.851,6.1,28,0.1,140,437836.4842,1364180.757,12.3349,107.9302,1365504.072,166097.4396,KNo
103,NN_KN119,2.028,0.1254,0.378,7.1,156,90,600,437890.8446,1364171.423,12.3348,107.9307,1365494.221,166151.7665,KNo
376,NN_KN12,0.366,0.008,0.008,5.8,25,0.1,70,430614.701,1380065.068,12.4783,107.8635,1381472.307,159017.5856,KNo
42,NN_KN120,2.055,0.0284,1.46,6.6,156,0.1,560,437908.9712,1364171.384,12.3348,107.9309,1365494.013,166169.9107,KNo
65,NN_KN122,0.618,0.2159,0.267,5.5,38,0.1,140,437231.0848,1363635.101,12.33,107.9247,1364963.53,165491.3529,KNo
72,NN_KN123,0.711,0.0007,0.031,6,72,90,180,437200.8268,1363613.657,12.3298,107.9244,1364942.347,165455.856,KNo
59,NN_KN124,1.099,0.1084,0.571,5.9,39,0.1,260,438953.3298,1363717.484,12.3307,107.9405,1365029.912,167211.0584,KNo
22,NN_KN125,1.184,0.0085,0.166,5.9,4,9,280,438977.5184,1363726.652,12.3308,107.9407,1365038.863,167235.3564,KNo
29,NN_KN126,0.85,0.0188,0.754,5.9,53,0.1,200,438893.087,1363803.648,12.3315,107.9399,1365116.723,167150.8421,KNo
303,NN_KN127,1.78,0.0115,0.569,6.5,135,0.1,450,438893.087,1363803.648,12.3315,107.9399,1365116.723,167151.5611,KNo
270,NN_KN128,2.059,0.0227,0.245,7,265,20,880,440102.1186,1362608.913,12.3207,107.9511,1363909.535,168350.6225,KNo
14,NN_KN129,1.094,0.0964,0.658,6.4,58,0.1,260,438564.6105,1362762.673,12.3221,107.9369,1364077.792,166813.0443,KNo
377,NN_KN13,0.277,0.0233,0.002,6.4,4,0.1,40,433763.8215,1372062.213,12.4061,107.8926,1373431.577,162094.5307,KNo
164,NN_KN130,1.798,0.2869,3.56,6.1,179,0.1,460,438377.1112,1362677.031,12.3213,107.9352,1363993.815,166625.3604,KNo
60,NN_KN131,1.235,0.2516,2.61,5.6,69,70,310,439789.4707,1364831.156,12.3408,107.9482,1366136.863,168058.4209,KNo
46,NN_KN132,1.181,0.1495,1.14,5.6,58,43,290,438377.1112,1362677.031,12.3213,107.9352,1363993.815,166624.5612,KNo
97,NN_KN133,0.889,0.1139,0.118,6.3,60,0.1,210,437892.7297,1365056.374,12.3428,107.9307,1366380.029,166161.9226,KNo
250,NN_KN134,1.826,0.0338,0.472,6.7,29,0.1,460,428440.2662,1378693.751,12.4659,107.8435,1380120.097,156827.9321,KNo
554,NN_KN135,0.432,0.043,0.061,5.9,28,7,90,428443.3392,1378715.254,12.4661,107.8435,1380141.594,156831.2113,KNo
215,NN_KN136,1.097,0.0849,0.21,6.4,134,21,270,427413.1679,1378530.384,12.4644,107.834,1379966.254,155798.2097,KNo
240,NN_KN137,1.27,0.0171,0.482,6.7,157,0.1,310,427407.0899,1378515.035,12.4643,107.834,1379950.946,155791.9804,KNo
85,NN_KN138,0.244,0.2845,0.004,6.8,7,0.1,30,427352.8441,1378558.191,12.4646,107.8322,1379994.66,155601.1075,KNo
28,NN_KN139,2.207,0.0133,0.001,6.7,118,15,750,430731.2146,1384563.421,12.519,107.8644,1385974.21,159176.7939,KNo
523,NN_KN14,0.592,0.0301,0.047,6,48,40,140,433776.366,1372264.989,12.4079,107.8927,1373634.441,162108.9931,KNo
269,NN_KN140,2.221,0.0188,0.001,7.4,90,0.1,750,430807.3489,1384836.721,12.5215,107.8651,1386247.071,159255.5978,KNo
252,NN_KN141,1.715,0.0966,0.107,7.4,117,230,520,430255.9156,1384023.751,12.5141,107.8601,1385438.486,158695.8879,KNo
555,NN_KN142,1.959,0.0281,0.011,6.2,187,0.1,520,429992.6119,1383760.127,12.5117,107.8577,1385177.084,158429.8131,KNo
204,NN_KN143,1.942,0.0088,0.008,7.3,177,21,520,429307.469,1385067.765,12.5235,107.8513,1386492.577,157756.3516,KNo
227,NN_KN144,1.899,0.0809,0.17,7.5,123,0.1,490,425713.7284,1381125.131,12.4878,107.8183,1382579.814,154121.4804,KNo
271,NN_KN145,1.853,0.0167,0.009,7.5,141,15,480,425635.3269,1381165.28,12.4882,107.8176,1382620.748,154043.3749,KNo
247,NN_KN146,2.103,0.0484,0.013,7.2,83,0.1,580,425025.3272,1381136.133,12.4879,107.812,1382597.339,153432.4465,KNo
230,NN_KN147,2.152,0.0185,0.022,8,92,21,630,424723.2977,1381103.12,12.4876,107.8092,1382567.146,153129.7805,KNo
268,NN_KN148,1.878,0.0052,0.004,7.6,87,0.1,480,435971.2671,1369138.108,12.3797,107.913,1370483.809,164276.7585,KNo
264,NN_KN149,0.927,0.0356,0.562,6,67,0.1,220,422380.6909,1381281.42,12.4891,107.7877,1382767.795,150786.3241,KNo
378,NN_KN15,0.421,0.0249,0.052,7,4,70,90,433814.206,1371641.125,12.4023,107.8931,1373009.589,162141.0108,KNo
569,NN_KN150,0.432,0.0145,0.014,6.9,121,28,103,422268.84,1381232.555,12.4887,107.7869,1382719.935,150705.4308,KNo
235,NN_KN151,2.098,0.0007,0.004,7.4,109,20,590,422214.283,1381155.881,12.488,107.7862,1382643.693,150619.7347,KNo
290,NN_KN152,1.793,0.0274,0.003,8.1,47,90,481,422177.7593,1381048.428,12.487,107.7858,1382536.469,150580.9675,KNo
556,NN_KN153,2.15,0.0314,0.006,6.7,279,0.1,670,422420.3489,1381431.884,12.4905,107.788,1382918.048,150824.6512,KNo
524,NN_KN16,0.351,0.0274,0.003,6.9,23,40,70,433447.7981,1371230.208,12.3985,107.8897,1372601.695,161770.3718,KNo
44,NN_KN17,0.264,0.1733,0.472,6.9,3,40,40,431976.5878,1371116.854,12.3975,107.8782,1372502.038,160512.7516,KNo
379,NN_KN18,0.365,0.0235,0.009,6.6,26,0.1,70,432689.9755,1370058.146,12.3879,107.8828,1371435.55,161000.776,KNo
12,NN_KN19,0.725,0.0488,0.003,6.7,62,70,180,432904.4541,1370066.868,12.388,107.8847,1371442.269,161215.5556,KNo
375,NN_KN2,0.246,0.0007,0.001,7,3,0.1,30,429971.7028,1383852.363,12.5126,107.8575,1385269.614,158409.7562,KNo
196,NN_KN20,1.446,0.052,0.006,7.6,89,40,360,433372.9736,1370213.283,12.3893,107.889,1371584.438,161685.9264,KNo
380,NN_KN21,0.227,0.0911,0.004,7.1,3,70,30,433778.1278,1370390.579,12.391,107.8927,1371758.112,162090.037,KNo
181,NN_KN22,1.32,0.0471,0.02,6.8,138,40,330,435100.2957,1370028.076,12.3877,107.9049,1371382.838,163413.2592,KNo
381,NN_KN23,0.264,0.0497,0.018,6.6,3,40,40,435830.2913,1370954.435,12.3961,107.9116,1372303.276,164152.6806,KNo
105,NN_KN24,1.149,1.818,0.024,7,140,1500,470,435770.2231,1371108.207,12.3975,107.9111,1372457.766,164093.9958,KNo
229,NN_KN25,1.149,2.0903,0.088,5.9,29,900,110,428643.2204,1370378.164,12.3907,107.8455,1371793.87,156952.8306,KNo
525,NN_KN26,1.455,0.1654,0.01,6.9,87,70,370,430127.1007,1369455.783,12.3824,107.8592,1370856.605,158429.6084,KNo
526,NN_KN27,1.07,0.0156,0.011,6.4,39,40,260,430142.2924,1369492.62,12.3828,107.8593,1370893.338,158445.1613,KNo
101,NN_KN28,0.776,0.9738,0.013,5.7,27,1500,80,420775.7084,1368542.555,12.374,107.7734,1370030.072,149076.8511,KNo
527,NN_KN29,0.45,0.0143,0.006,5.6,33,40,100,421044.7721,1368621.718,12.3747,107.7757,1370106.8,149329.7368,KNo
565,NN_KN3,1.047,0.0183,0.002,6.4,77,0.1,250,430347.6672,1384011.852,12.514,107.8609,1385425.706,158787.6219,KNo
135,NN_KN30,0.485,0.0936,0.009,5.9,36,40,110,427138.8111,1365965.325,12.3508,107.8318,1367390.471,155405.4878,KNo
528,NN_KN31,0.844,0.0177,0.023,5.9,58,70,210,427227.9076,1370904.059,12.3955,107.8325,1372333.604,155540.9615,KNo
200,NN_KN32,1.067,0.5901,0.035,6.7,50,40,260,427613.9677,1370678.776,12.3934,107.8361,1372104.459,155925.3153,KNo
182,NN_KN33,1.009,0.196,0.008,6.5,42,70,250,427571.5582,1370629.717,12.393,107.8357,1372055.746,155882.4005,KNo
382,NN_KN34,0.286,0.0782,0.009,5.7,20,40,50,426853.881,1371107.806,12.3973,107.8291,1372541.079,155168.4512,KNo
198,NN_KN35,1.035,0.48,0.002,7,82,70,260,426844.804,1371101.683,12.3972,107.8289,1372535.034,155154.8763,KNo
529,NN_KN36,0.356,0.0196,0.001,6.4,13,40,70,419020.5115,1372827.918,12.4126,107.757,1374336.663,147342.721,KNo
383,NN_KN37,0.301,0.0216,0.008,5.5,19,0.1,50,418909.1298,1372960.364,12.4138,107.756,1374470.304,147232.4605,KNo
75,NN_KN38,0.694,0.0199,0.017,6.3,44,70,170,419985.912,1374613.654,12.4288,107.7658,1376115.3,148325.9943,KNo
110,NN_KN39,1.064,0.028,0.001,7.3,60,40,260,419834.7527,1374558.76,12.4283,107.7644,1376061.768,148174.6675,KNo
275,NN_KN4,1.54,0.2462,0.042,7,91,90,400,430570.2486,1384167.414,12.5154,107.863,1385579.319,159011.908,KNo
530,NN_KN40,0.466,0.0368,0.002,6.9,19,150,110,419307.5866,1372879.356,12.4131,107.7596,1374385.459,147630.5993,KNo
102,NN_KN41,0.534,0.0282,0.003,6.8,64,70,130,424450.3041,1371384.376,12.3997,107.807,1372840.515,152764.9001,KNo
212,NN_KN42,0.5,0.1422,0.502,6.2,42,90,120,424450.2241,1371353.648,12.3995,107.8071,1372809.755,152779.6295,KNo
384,NN_KN43,0.259,0.2637,0.08,5.6,1.5,70,40,425928.0938,1374057.013,12.4239,107.8205,1375502.127,154269.3993,KNo
26,NN_KN44,0.911,0.0358,0.005,6.3,60,90,230,442411.2993,1360013.952,12.2973,107.9723,1361290.542,170637.8452,KNo
20,NN_KN45,0.786,0.0442,0.001,6,51,40,190,441712.324,1360118.273,12.2983,107.9659,1361401.473,169939.1699,KNo
99,NN_KN46,0.788,0.0235,0.032,6.8,45,40,190,442521.9549,1359432.989,12.2921,107.9734,1360707.992,170743.1978,KNo
140,NN_KN48,1.003,0.0658,0.008,6.9,58,70,250,442506.7263,1359371.564,12.2915,107.9732,1360646.65,170727.3828,KNo
98,NN_KN49,0.41,2.371,1,6.4,34,2000,130,444327.3041,1358612.155,12.2847,107.99,1359869.577,172542.6267,KNo
286,NN_KN5,1.66,0.3729,0.037,7,83,70,430,429121.6765,1383181.493,12.5065,107.8497,1384606.097,157552.4894,KNo
79,NN_KN50,0.712,0.1467,0.031,5.9,39,40,170,447562.0456,1359484.98,12.2926,108.0196,1360713.117,175780.3921,KNo
106,NN_KN51,0.699,0.5915,0.008,6.4,69,40,170,447528.9462,1359561.857,12.2933,108.0194,1360790.373,175756.0996,KNo
82,NN_KN52,0.452,3.919,2.64,6.5,122,2000,310,443413.7925,1356545.964,12.266,107.9816,1357809.917,171609.0412,KNo
126,NN_KN53,1.493,0.1204,0.02,7.4,77,70,380,443413.7925,1356545.964,12.266,107.9816,1357809.917,171609.0412,KNo
531,NN_KN54,0.76,0.2874,0.012,6.3,21,2800,170,425934.2127,1374087.725,12.4242,107.8205,1375532.815,154275.8137,KNo
195,NN_KN56,1.308,0.0388,0.01,7,84,70,330,425384.6607,1381144.419,12.488,107.8132,1382602.235,153561.6477,KNo
566,NN_KN57,1.201,0.0041,0.001,6.1,110,0.1,290,423896.2211,1381197.48,12.4884,107.8016,1382669.43,152302.7052,KNo
532,NN_KN58,1.482,0.0772,0.003,6.5,91,40,370,422499.3246,1381606.826,12.4921,107.7888,1383092.434,150908.1654,KNo
295,NN_KN59,2.046,0.3575,0.049,7.7,49,40,570,422411.622,1381554.823,12.4916,107.788,1383041.204,150819.8752,KNo
236,NN_KN6,2.047,0.3475,0.012,7.5,69,70,590,431183.7956,1385708.503,12.5294,107.8684,1387116.182,159616.7485,KNo
96,NN_KN60,1.861,0.0074,0.002,7.8,276,40,990,418047.5854,1378023.853,12.4596,107.7479,1379547.567,146417.6523,KNo
274,NN_KN61,0.959,5.048,1.45,6.2,103,150,2700,418002.4546,1378082.366,12.4601,107.7475,1379606.572,146373.0231,KNo
21,NN_KN62,0.67,0.3952,0.016,7.1,58,110,170,421128.2054,1380390.612,12.4811,107.7762,1381887.855,149524.0444,KNo
265,NN_KN63,2.048,0.0202,0.007,7.8,39,0.1,550,425143.3079,1381221.866,12.4887,107.8131,1382682.048,153551.3645,KNo
151,NN_KN64,1.58,0.2373,0.009,6.5,181,210,460,432987.9676,1377438.339,12.4547,107.8853,1378820.475,161368.4933,KNo
226,NN_KN65,1.921,0.0508,0.03,7.1,219,90,550,433241.5913,1377422.388,12.4545,107.8877,1378802.116,161622.2249,KNo
202,NN_KN66,2.095,0.0675,0.011,6.8,285,70,780,430239.488,1375988.328,12.4415,107.8601,1377394.881,158603.5174,KNo
254,NN_KN67,1.94,0.2793,0.781,6.8,197,40,530,430432.9624,1376070.828,12.4422,107.8619,1377475.644,158797.1925,KNo
137,NN_KN68,1.788,2.073,0.239,6.5,186,40,470,431683.2186,1376073.991,12.4423,107.8734,1377467.03,160049.5469,KNo
231,NN_KN69,1.32,0.3011,0.635,6.5,116,90,340,431692.627,1376221.465,12.4436,107.8735,1377614.567,160060.3546,KNo
261,NN_KN7,1.699,0.0152,0.003,7.9,19,70,440,431119.6907,1385413.664,12.5267,107.868,1386821.647,159573.7333,KNo
533,NN_KN70,0.661,0.051,0.002,7.2,49,150,170,441692.0455,1376519.13,12.4465,107.9658,1377818.298,170109.059,KNo
112,NN_KN71,0.445,0.2826,0.008,7.1,23,70,100,443287.7292,1380212.492,12.4799,107.98,1381500.132,171704.5837,KNo
86,NN_KN72,0.707,0.1753,0.007,6.8,50,40,170,443266.1909,1378473.348,12.4642,107.9799,1379759.539,171666.6029,KNo
192,NN_KN73,1.435,0.5365,0.159,6.4,134,40,360,426565.7209,1377770.461,12.4575,107.8263,1379213.523,154942.6933,KNo
156,NN_KN74,0.766,0.6826,0.529,6.1,58,70,190,426632.5772,1377936.225,12.459,107.8269,1379378.832,155011.1846,KNo
208,NN_KN75,1.126,0.0292,0.008,7.3,108,150,300,427331.9232,1378644.284,12.4654,107.8333,1380081.041,155717.9543,KNo
276,NN_KN76,1.248,0.0342,0.918,6.3,112,40,310,427446.2375,1378471.916,12.4639,107.8343,1379907.412,155830.7623,KNo
249,NN_KN77,1.767,1.511,1.1,7.3,174,90,480,428044.6004,1378657.862,12.4656,107.8398,1380087.906,156431.5115,KNo
385,NN_KN78,0.968,0.0879,0.11,5.8,45,70,240,439209.2253,1363283.692,12.3268,107.9428,1364593.306,167463.1547,KNo
88,NN_KN79,0.985,0.0601,0.621,5.9,53,40,240,439104.2849,1363668.005,12.3303,107.9419,1364978.975,167361.6996,KNo
146,NN_KN8,1.215,0.1121,0.074,7,86,90,310,433395.5756,1380027.779,12.4781,107.889,1381408.704,161800.9603,KNo
77,NN_KN80,2.213,0.0298,0.341,5.9,117,0.1,770,439001.8096,1363784.984,12.3314,107.9409,1365097.026,167260.2161,KNo
272,NN_KN81,2.053,0.4134,0.042,7,152,40,580,438865.961,1363834.432,12.3318,107.9397,1365147.791,167124.696,KNo
23,NN_KN82,0.815,0.0308,0.221,5.6,39,0.1,190,439146.1645,1363468.188,12.3285,107.9423,1364778.571,167403.6202,KNo
534,NN_KN83,0.503,0.0657,0.005,6,49,70,120,440197.9747,1362206.187,12.3171,107.9534,1363505.522,168595.4398,KNo
80,NN_KN84,0.6,0.4515,0.16,5.9,29,40,140,440095.452,1362304.725,12.318,107.951,1363605.113,168341.1116,KNo
386,NN_KN85,0.533,0.0359,0.025,5.6,22,150,130,438982.9052,1363413.22,12.328,107.9408,1364725.074,167237.822,KNo
127,NN_KN86,2.03,0.0385,0.408,6.9,174,40,570,439055.5292,1363468.377,12.3285,107.9414,1364779.607,167311.0322,KNo
167,NN_KN87,2.147,0.907,3.28,6.2,159,40,810,437333.9464,1366510.99,12.356,107.9253,1367841.311,165587.7513,KNo
15,NN_KN88,1.286,0.008,0.376,5.6,51,150,340,437879.7801,1366067.342,12.352,107.9306,1367392.117,166158.4133,KNo
124,NN_KN89,0.8,0.766,0.408,5.9,17,2800,80,437867.7226,1366079.659,12.3521,107.9305,1367404.559,166146.4591,KNo
522,NN_KN9,1.426,0.0241,0.045,5.9,57,70,360,433295.3708,1379785.258,12.4759,107.8881,1381166.883,161698.3623,KNo
387,NN_KN90,0.752,0.049,0.424,6.2,48,280,200,437951.4703,1365686.166,12.3485,107.9312,1367009.894,166226.6093,KNo
388,NN_KN91,0.404,0.272,0.036,5.3,22,200,90,437898.2304,1379045.493,12.4693,107.9305,1380382.906,166298.8459,KNo
139,NN_KN92,1.2,0.815,1.23,6,115,0.1,290,437916.1586,1366268.838,12.3538,107.9309,1367593.472,166196.7126,KNo
297,NN_KN93,1.357,1.529,0.36,6.8,141,40,340,438193.1445,1364259.891,12.3356,107.9337,1365579.953,166476.2375,KNo
16,NN_KN94,0.561,0.015,1.1,5.6,33,40,130,438340.8212,1364090.576,12.3341,107.9348,1365409.091,166601.432,KNo
553,NN_KN95,0.928,0.107,1.96,5.6,65,0.1,220,438651.7572,1363976.229,12.3331,107.9377,1365291.728,166911.606,KNo
389,NN_KN96,1.153,0.03,0.733,5.4,55,750,230,438135.3852,1364091.011,12.3341,107.933,1365411.446,166395.7975,KNo
535,NN_KN97,0.63,0.0007,0.006,6.1,39,280,160,438059.5961,1363968.262,12.333,107.9323,1365289.283,166318.7871,KNo
165,NN_KN98,0.697,0.056,0.583,5.8,51,150,180,438074.7083,1363971.302,12.333,107.9324,1365292.185,166333.9426,KNo
294,NN_KN99,1.433,0.9384,0.222,7.1,129,0.1,350,438169.0799,1364309.106,12.3361,107.9333,1365629.441,166431.5627,KNo
450,NN_TD1,0.331,0.0235,0.001,7.5,24,70,67,390579.1016,1337700.94,12.0943,107.4966,1339431.189,118540.6394,TDu
452,NN_TD10,0.407,0.0007,0.018,7,27,40,87,385992.1067,1348105.175,12.1882,107.4541,1349891.441,114043.332,TDu
453,NN_TD11,0.621,0.0007,0.001,6.8,41,200,160,388799.2258,1340491.72,12.1194,107.4802,1342241.981,116784.0359,TDu
328,NN_TD12,0.17,0.0007,0.022,4.2,1.5,150,8,388176.3675,1343717.699,12.1486,107.4743,1345477.963,116190.0297,TDu
329,NN_TD14,0.207,0.11,0.034,5.2,1.5,40,21,393309.8421,1331006.837,12.0339,107.5219,1332703.39,121213.7082,TDu
330,NN_TD15,0.186,0.0007,0.03,5.7,6,70,17,390698.2394,1334728.885,12.0674,107.4978,1336454.146,118632.7112,TDu
331,NN_TD16,0.25,0.0208,0.037,5.5,5,40,36,388889.1225,1334661.509,12.0667,107.4812,1336403.233,116820.5955,TDu
332,NN_TD17,0.208,0.0007,0.021,5.7,1.5,150,22,393395.0393,1331053.041,12.0343,107.5227,1332748.876,121299.4371,TDu
333,NN_TD18,0.285,0.0007,0.001,6.5,22,40,50,387415.7735,1350419.89,12.2091,107.4671,1352196.081,115490.3067,TDu
334,NN_TD19,0.22,0.0007,0.001,5.7,13,75,30,391371.9281,1349381.718,12.1999,107.5035,1351119.94,119442.0679,TDu
323,NN_TD2,0.261,0.0354,0.015,6,23,210,40,388176.3675,1343717.699,12.1486,107.4743,1345477.963,116190.0297,TDu
454,NN_TD20,0.398,0.0007,0.001,6.9,35,90,90,377203.0568,1350134.912,12.2062,107.3733,1352005.238,105261.0111,TDu
335,NN_TD21,0.218,0.0007,0.001,7.6,13,90,30,376780.4051,1355324.219,12.2531,107.3692,1357205.732,104885.887,TDu
455,NN_TD23,0.571,0.0007,0.001,7.4,15,150,140,376882.6847,1355929.209,12.2585,107.3696,1357810.62,104940.1902,TDu
456,NN_TD24,1.131,0.0007,0.001,7.4,85,750,210,377426.4313,1355859.323,12.2579,107.3751,1357735.582,105537.7896,TDu
336,NN_TD26,0.428,0.0945,0.02,6.3,37,210,100,377227.3931,1355242.444,12.2523,107.3733,1357119.69,105332.7412,TDu
457,NN_TD27,0.398,0.0007,0.001,7.8,23,150,90,378064.8566,1356025.689,12.2595,107.381,1357896.247,106178.6517,TDu
337,NN_TD28,0.316,0.0007,0.2,3.9,5,90,60,389686.656,1335165.907,12.0713,107.4885,1336900.999,117623.7976,TDu
458,NN_TD29,0.528,0.0007,0.001,7.8,27,200,130,374666.7135,1358636.874,12.2829,107.3494,1360542.714,102775.7365,TDu
451,NN_TD3,0.637,0.0007,0.001,7,33,40,150,389700.3726,1338868.866,12.1048,107.4885,1340608.71,117671.4695,TDu
338,NN_TD30,0.274,0.0435,0.054,4.8,8,210,41,389841.295,1338542.601,12.1019,107.4898,1340280.723,117809.5835,TDu
459,NN_TD35,0.584,0.0007,0.001,7.1,50,230,150,386087.2822,1351065.428,12.2149,107.4549,1352854.78,114166.0182,TDu
324,NN_TD4,0.165,0.0007,0.018,4.2,1.5,90,9,391259.0141,1337557.089,12.093,107.5029,1339280.915,119220.1228,TDu
325,NN_TD5,0.171,0.0036,0.006,4.5,1.5,90,11,390611.3844,1335786.325,12.077,107.497,1337513.767,118555.421,TDu
326,NN_TD6,0.199,0.1691,0.064,6.8,1.5,150,19,386829.8799,1329125.77,12.0166,107.4625,1330878.932,114708.0688,TDu
100,NN_TD7,0.362,0.0235,0.001,7.9,27,90,78,383657.3516,1327770.404,12.0043,107.4334,1329550.632,111518.9179,TDu
327,NN_TD8,0.225,0.0171,0.01,5.8,6,70,30,387473.5895,1329682.639,12.0217,107.4684,1331430.678,115357.7133,TDu
552,NN_TD9,0.399,0.0017,0.001,6.1,12,20,80,388379.4822,1335001.753,12.0698,107.4765,1336748.591,116313.3934,TDu
